[
    {
        "id": 1,
        "title": "ProblemStatementDemo1",
        "content": "democontent1",
        "duration": 1234,
        "sequence": 4321,
        "input": "demo1",
        "output": "demo2"
    },
    {
        "id": 2,
        "title": "ProblemStatementDemo2",
        "content": "democontent2",
        "duration": 1234,
        "sequence": 4321,
        "input": "demo1",
        "output": "demo2"
    },
    {
        "id": 3,
        "title": "ProblemStatementDemo3",
        "content": "democontent3",
        "duration": 1234,
        "sequence": 4321,
        "input": "demo1",
        "output": "demo2"
    },
    {
        "id": 4,
        "title": "ProblemStatementDemo4",
        "content": "democontent4",
        "duration": 1234,
        "sequence": 4321,
        "input": "demo1",
        "output": "demo2"
    },
    {
        "id": 5,
        "title": "ProblemStatementDemo5",
        "content": "democontent5",
        "duration": 1234,
        "sequence": 4321,
        "input": "demo1",
        "output": "demo2"
    },
    {
        "id": 6,
        "title": "ProblemStatementDemo6",
        "content": "democontent6",
        "duration": 1234,
        "sequence": 4321,
        "input": "",
        "output": ""
    },
    {
        "id": 7,
        "title": "ProblemStatementDemo7",
        "content": "democontent7",
        "duration": 1234,
        "sequence": 4321,
        "input": "",
        "output": ""
    },
    {
        "id": 8,
        "title": "JJStatementDemo8",
        "content": "democontent8",
        "duration": 1234,
        "sequence": 4321,
        "input": "",
        "output": ""
    },
    {
        "id": 9,
        "title": "StatementDemo9",
        "content": "democontent9",
        "duration": 1234,
        "sequence": 4321,
        "input": "",
        "output": ""
    },
    {
        "id": 10,
        "title": "StatementDemo10",
        "content": "democontent10",
        "duration": 1234,
        "sequence": 4321,
        "input": "",
        "output": ""
    }
]