[
    {
        "id": 1,
        "title": "Criteria JJ",
        "content": "Creation of component with necessary fields (Search Box, Check Availability button, Display of Dates). Page layout shall not match exactly with the given layout. Displaying dates as list is also fine.",
        "duration": 1234,
        "sequence": 4321,
        "input": "<strong>This is a strong text.</strong>",
        "output": "<strong><u>This is strong and underline text.reation of component with necessary fieldsreation of component with necessary fieldsreation of component with necessary fieldsreation of component with necessary fieldsn of component with necessary fieldsreation of component with necessary fieldsn of component with necessary fieldsreation of component with necessary fieldsn of component with necessary fieldsreation of component with necessary fieldsn of component with necessary fieldsreation of component with necessary fieldsn of component with necessary fieldsreation of component with necessary fields</u></strong>"
    },
    {
        "id": 2,
        "title": "XYZ Hotel",
        "content": "A leading hotel in the city is well known for accommodating celebrities and VIPs. There is frequently request from celebrities and VIPs to know the availability status of a specific room on a specific date. If the room is available there should be an option to block the room, so that nobody else will be able to book the room. There is should also be an option to unblock the room if it is already blocked.",
        "duration": 1234,
        "sequence": 4321,
        "input": "demo1",
        "output": "demo2"
    },
    {
        "id": 3,
        "title": "ProblemStatementDemo3",
        "content": "democontent3",
        "duration": 1234,
        "sequence": 4321,
        "input": "demo1",
        "output": "demo2"
    },
    {
        "id": 4,
        "title": "ProblemStatementDemo4",
        "content": "democontent4",
        "duration": 1234,
        "sequence": 4321,
        "input": "demo1",
        "output": "demo2"
    },
    {
        "id": 5,
        "title": "ProblemStatementDemo5",
        "content": "democontent5",
        "duration": 1234,
        "sequence": 4321,
        "input": "demo1",
        "output": "demo2"
    },
    {
        "id": 6,
        "title": "ProblemStatementDemo6",
        "content": "democontent6",
        "duration": 1234,
        "sequence": 4321,
        "input": "",
        "output": ""
    },
    {
        "id": 7,
        "title": "ProblemStatementDemo7",
        "content": "democontent7",
        "duration": 1234,
        "sequence": 4321,
        "input": "",
        "output": ""
    },
    {
        "id": 8,
        "title": "JJStatementDemo8",
        "content": "democontent8",
        "duration": 1234,
        "sequence": 4321,
        "input": "",
        "output": ""
    },
    {
        "id": 9,
        "title": "StatementDemo9",
        "content": "democontent9",
        "duration": 1234,
        "sequence": 4321,
        "input": "",
        "output": ""
    },
    {
        "id": 10,
        "title": "StatementDemo10",
        "content": "democontent10",
        "duration": 1234,
        "sequence": 4321,
        "input": "",
        "output": ""
    }
]