{
  "watchlist": [
    {
      "vote_count": 12535,
      "id": 278,
      "video": false,
      "vote_average": 8.7,
      "title": "The Shawshank Redemption",
      "popularity": 33.223,
      "poster_path": "https://image.tmdb.org/t/p/w500/9O7gLzmreU0nGkIB6K3BsJbzvNv.jpg",
      "original_language": "en",
      "original_title": "The Shawshank Redemption",
      "genre_ids": [
        18,
        80
      ],
      "backdrop_path": "/j9XKiZrVeViAixVRzCta7h1VU9W.jpg",
      "adult": false,
      "overview": "Framed in the 1940s for the double murder of his wife and her lover, upstanding banker Andy Dufresne begins a new life at the Shawshank prison, where he puts his accounting skills to work for an amoral warden. During his long stretch in prison, Dufresne comes to be admired by the other inmates -- including an older prisoner named Red -- for his integrity and unquenchable sense of hope.",
      "release_date": "1994-09-23"
    },
    {
      "vote_count": 3804,
      "id": 372058,
      "video": false,
      "vote_average": 8.6,
      "title": "Your Name.",
      "popularity": 20.316,
      "poster_path": "https://image.tmdb.org/t/p/w500/xq1Ugd62d23K2knRUx6xxuALTZB.jpg",
      "original_language": "ja",
      "original_title": "君の名は。",
      "genre_ids": [
        10749,
        16,
        18
      ],
      "backdrop_path": "/7OMAfDJikBxItZBIug0NJig5DHD.jpg",
      "adult": false,
      "overview": "High schoolers Mitsuha and Taki are complete strangers living separate lives. But one night, they suddenly switch places. Mitsuha wakes up in Taki’s body, and he in hers. This bizarre occurrence continues to happen randomly, and the two must adjust their lives around each other.",
      "release_date": "2016-08-26"
    },
    {
      "vote_count": 14529,
      "id": 680,
      "video": false,
      "vote_average": 8.4,
      "title": "Pulp Fiction",
      "popularity": 30.129,
      "poster_path": "https://image.tmdb.org/t/p/w500/dM2w364MScsjFf8pfMbaWUcWrR.jpg",
      "original_language": "en",
      "original_title": "Pulp Fiction",
      "genre_ids": [
        53,
        80
      ],
      "backdrop_path": "/4cDFJr4HnXN5AdPw4AKrmLlMWdO.jpg",
      "adult": false,
      "overview": "A burger-loving hit man, his philosophical partner, a drug-addled gangster's moll and a washed-up boxer converge in this sprawling, comedic crime caper. Their adventures unfurl in three stories that ingeniously trip back and forth in time.",
      "release_date": "1994-09-10"
    }
  ]
}